Year,Month,Day,Flag Tsunami,Flag Earthquake,Volcano Name,Location,Country,Elevation,Volcano Type,Status,Volcanic Explosivity Index,Volcano : Deaths,Volcano : Deaths Description,Volcano : Missing,Volcano : Missing Description,Volcano : Injuries,Volcano : Injuries Description,Volcano : Damage (in M$),Volcano : Damage Description,Volcano : Houses destroyed,Volcano : Houses destroyed Description,Total Effects : Deaths,Total Effects : Deaths Description,Total Effects : Missing,Total Effects : Missing Description,Total Effects : Injuries,Total Effects : Injuries Description,Total Effects : Damages in million Dollars,Total Effects : Damage Description,Total Effects : Houses Destroyed,Total Effects : Houses Destroyed Description,Coordinates,Earthquakes : Houses damaged Description,Total Effects : Houses Damaged Description
-141,,,,,Etna,Italy,Italy,3350,Stratovolcano,Historical,,40,Few (~1 to 50 deaths),,,,,,,,,40,Few (~1 to 50 deaths),,,,,,,,,"37.734,  15.004",,
1262,,,,,Katla,Iceland-S,Iceland,1512,Subglacial volcano,Historical,3,,Few (~1 to 50 deaths),,,,,,,,,,Few (~1 to 50 deaths),,,,,,,,,"63.63,  -19.05",,
1300,7,11,,,Hekla,Iceland-S,Iceland,1491,Stratovolcano,Historical,4,,,,,,,,,,,600,Many (~101 to 1000 deaths),,,,,,,,,"63.98,  -19.7",,
1331,12,,,,Aso,Kyushu-Japan,Japan,1592,Caldera,Historical,2,,Few (~1 to 50 deaths),,,,,,,,,,Few (~1 to 50 deaths),,,,,,,,,"32.88,  131.1",,
1714,6,30,Tsunami,,Vesuvius,Italy,Italy,1281,Complex volcano,Historical,,,,,,,,,,,,,,,,,,,,,,"40.821,  14.426",,
1907,10,6,Tsunami,,Savai'i,Samoa-SW Pacific,Samoa,1858,Shield volcano,Historical,,,,,,,,,SEVERE (~>$5 to $24 million),,Many (~101 to 1000 houses),,,,,,,,SEVERE (~>$5 to $24 million),,Many (~101 to 1000 houses),"-13.612,  -172.525",,
1911,8,15,,,Asama,Honshu-Japan,Japan,2560,Complex volcano,Historical,2,,Many (~101 to 1000 deaths),,,,,,,,,,Many (~101 to 1000 deaths),,,,,,,,,"36.4,  138.53",,
1913,1,20,,,Colima,Mexico,Mexico,3850,Stratovolcano,Historical,4,13,Few (~1 to 50 deaths),,,,,,,,,13,Few (~1 to 50 deaths),,,,,,,,,"19.514,  -103.62",,
1944,6,10,,,Cleveland,Aleutian Is,United States,1730,Stratovolcano,Historical,3,1,Few (~1 to 50 deaths),,,,,,,,,1,Few (~1 to 50 deaths),,,,,,,,,"52.82,  -169.95",,
1952,9,16,Tsunami,,Myojun Knoll,Izu Is-Japan,Japan,360,Submarine volcano,Holocene,2,,,,,,,,,,,,,,,,,,,,,"32.1,  139.85",,
1960,5,25,Tsunami,Earthquake,Puyehue,Chile-C,Chile,2236,Stratovolcano,Holocene,3,,,,,,,,,,,,,,,,,,,,,"-40.59,  -72.117",,
1971,10,26,,,La Palma,Canary Is,Spain,2426,Stratovolcano,Historical,2,,Few (~1 to 50 deaths),,,,,,LIMITED (roughly corresponding to less than $1 million),,,,Few (~1 to 50 deaths),,,,,,LIMITED (roughly corresponding to less than $1 million),,,"28.58,  -17.83",,
1972,10,9,Tsunami,,Ritter Island,New Guinea-NE of,Papua New Guinea,140,Stratovolcano,Historical,1,,,,,,,,,,,,,,,,,,,,,"-5.52,  148.121",,
1979,4,13,,,Soufriere St. Vincent,W Indies,St. Vincent & the Grenadines,1220,Stratovolcano,Historical,3,2,Few (~1 to 50 deaths),,,,,,,,,2,Few (~1 to 50 deaths),,,,,,,,,"13.33,  -61.18",,
1983,10,3,,Earthquake,Miyake-jima,Izu Is-Japan,Japan,815,Stratovolcano,Historical,3,,,,,,,,LIMITED (roughly corresponding to less than $1 million),,,,,,,,,,MODERATE (~$1 to $5 million),,,"34.08,  139.53",,
1984,10,16,,,Etna,Italy,Italy,3350,Stratovolcano,Historical,3,1,Few (~1 to 50 deaths),,,,,,,,,1,Few (~1 to 50 deaths),,,,,,,,,"37.734,  15.004",,
1990,10,19,,,Aso,Kyushu-Japan,Japan,1592,Caldera,Historical,2,1,Few (~1 to 50 deaths),,,,,,,,,1,Few (~1 to 50 deaths),,,,,,,,,"32.88,  131.1",,
1991,12,14,,,Etna,Italy,Italy,3350,Stratovolcano,Historical,2,,,,,,,2.5,MODERATE (~$1 to $5 million),,,,,,,,,2.5,MODERATE (~$1 to $5 million),,,"37.734,  15.004",,
1994,2,3,,,Semeru,Java,Indonesia,3676,Stratovolcano,Historical,3,6,Few (~1 to 50 deaths),,,,,,,,,6,Few (~1 to 50 deaths),,,,,,,,,"-8.108,  112.92",,
2007,7,7,,,Salak,Java,Indonesia,2211,Stratovolcano,Historical,,6,Few (~1 to 50 deaths),,,,,,,,,6,Few (~1 to 50 deaths),,,,,,,,,"-6.72,  106.73",,
2017,6,6,,,Fuego,Guatemala,Guatemala,3763,Stratovolcano,Historical,2,,,,,,,,MODERATE (~$1 to $5 million),,,,,,,,,,MODERATE (~$1 to $5 million),,,"14.473,  -90.88",,
2017,9,23,,,Aoba,Vanuatu-SW Pacific,Vanuatu,1496,Shield volcano,Historical,,,,,,,,,LIMITED (roughly corresponding to less than $1 million),,,,,,,,,,LIMITED (roughly corresponding to less than $1 million),,,"-15.4,  167.83",,
2018,3,30,,,Aoba,Vanuatu-SW Pacific,Vanuatu,1496,Shield volcano,Historical,3,4,Few (~1 to 50 deaths),,,,,,MODERATE (~$1 to $5 million),,Few (~1 to 50 houses),4,Few (~1 to 50 deaths),,,,,,MODERATE (~$1 to $5 million),,Few (~1 to 50 houses),"-15.4,  167.83",,
2019,8,28,Tsunami,,Stromboli,Italy,Italy,926,Stratovolcano,Historical,2,,,,,,,,,,,,,,,,,,,,,"38.789,  15.213",,
1593,,,,,Raung,Java,Indonesia,3332,Stratovolcano,Historical,5,,Many (~101 to 1000 deaths),,,,,,,,,,Many (~101 to 1000 deaths),,,,,,,,,"-8.125,  114.042",,
1609,,,,,Tengchong,China-S,China,2865,Pyroclastic cone,Historical,,,Few (~1 to 50 deaths),,,,,,,,,,Few (~1 to 50 deaths),,,,,,,,,"25.32,  98.47",,
1692,6,4,,,Serua,Banda Sea,Pacific Ocean,641,Stratovolcano,Historical,4,,Some (~51 to 100 deaths),,,,,,,,,,Some (~51 to 100 deaths),,,,,,,,,"-6.3,  130.0",,
1718,2,1,,,Pico,Azores,Portugal,2351,Stratovolcano,Historical,2,2,Few (~1 to 50 deaths),,,,,,,,,2,Few (~1 to 50 deaths),,,,,,,,,"38.47,  -28.4",,
1846,5,7,,,Taupo,New Zealand,New Zealand,760,Caldera,Radiocarbon,,63,Some (~51 to 100 deaths),,,,,,,,,63,Some (~51 to 100 deaths),,,,,,,,,"-38.82,  176.0",,
1866,2,20,,,Santorini,Greece,Greece,329,Shield volcano,Historical,2,1,Few (~1 to 50 deaths),,,,Few (~1 to 50 deaths),,,,,1,Few (~1 to 50 deaths),,,,Few (~1 to 50 deaths),,,,,"36.404,  25.396",,
1877,2,14,Tsunami,Earthquake,Mauna Loa,Hawaiian Is,United States,4170,Shield volcano,Historical,0,,,,,,,,,,,,,,,,,,,,,"19.475,  -155.608",,
1883,12,,,,Bagana,Bougainville-SW Paci,Papua New Guinea,1750,Lava cone,Historical,3,,Some (~51 to 100 deaths),,,,,,,,,,Some (~51 to 100 deaths),,,,,,,,,"-6.14,  155.195",,
1886,8,31,,,Niuafo'ou,Tonga-SW Pacific,Tonga,260,Shield volcano,Historical,4,,Few (~1 to 50 deaths),,Few (~1 to 50 deaths),,,,,,,,Few (~1 to 50 deaths),,Few (~1 to 50 deaths),,,,,,,"-15.6,  -175.63",,
1896,3,15,,,Kirishima,Kyushu-Japan,Japan,1700,Shield volcano,Historical,2,1,Few (~1 to 50 deaths),,,1,Few (~1 to 50 deaths),,,,,1,Few (~1 to 50 deaths),,,1,Few (~1 to 50 deaths),,,,,"31.93,  130.87",,
1902,5,8,Tsunami,,Pelee,W Indies,Martinique,1397,Stratovolcano,Historical,4,28000,Very Many (~1001 or more deaths),,,,,,,,,28000,Very Many (~1001 or more deaths),,,,,,,,,"14.82,  -61.17",,
1914,,,,,Aoba,Vanuatu-SW Pacific,Vanuatu,1496,Shield volcano,Historical,,100,Some (~51 to 100 deaths),,,,,,,,,100,Some (~51 to 100 deaths),,,,,,,,,"-15.4,  167.83",,
1923,3,11,,,Papandayan,Java,Indonesia,2665,Stratovolcano,Historical,1,1,Few (~1 to 50 deaths),,,,,,,,,1,Few (~1 to 50 deaths),,,,,,,,,"-7.32,  107.73",,
1928,1,23,,,Santorini,Greece,Greece,329,Shield volcano,Historical,2,48,Few (~1 to 50 deaths),,,,,,,,,48,Few (~1 to 50 deaths),,,,,,,,,"36.404,  25.396",,
1947,9,16,,,Akagi,Honshu-Japan,Japan,1828,Stratovolcano,Historical,,699,Many (~101 to 1000 deaths),,,,,,,,,699,Many (~101 to 1000 deaths),,,,,,,,,"36.53,  139.18",,
1963,,,,,,,,,,,,,,,,,,,,,,,,,,,,,,,,,,
1963,,,,,,,,,,,,,,,,,,,,,,,,,,,,,,,,,,
1965,,,,,,,,,,,,,,,,,,,,,,,,,,,,,,,,,,
1973,,,,,,,,,,,,,,,,,,,,,,,,,,,,,,,,,,
1974,,,,,,,,,,,,,,,,,,,,,,,,,,,,,,,,,,
1975,,,,,,,,,,,,,,,,,,,,,,,,,,,,,,,,,,
-93.228,,,,,,,,,,,,,,,,,,,,,,,,,,,,,,,,,,
1986,,,,,,,,,,,,,,,,,,,,,,,,,,,,,,,,,,
1992,,,,,,,,,,,,,,,,,,,,,,,,,,,,,,,,,,
1994,,,,,,,,,,,,,,,,,,,,,,,,,,,,,,,,,,
1998,,,,,,,,,,,,,,,,,,,,,,,,,,,,,,,,,,
2004,,,,,,,,,,,,,,,,,,,,,,,,,,,,,,,,,,
2007,,,,,,,,,,,,,,,,,,,,,,,,,,,,,,,,,,
2008,,,,,,,,,,,,,,,,,,,,,,,,,,,,,,,,,,
2008,,,,,,,,,,,,,,,,,,,,,,,,,,,,,,,,,,
2017,,,,,,,,,,,,,,,,,,,,,,,,,,,,,,,,,,
-4050,,,,,,,,,,,,,,,,,,,,,,,,,,,,,,,,,,
-2420,,,,,,,,,,,,,,,,,,,,,,,,,,,,,,,,,,
79,,,,,,,,,,,,,,,,,,,,,,,,,,,,,,,,,,
1375,,,,,,,,,,,,,,,,,,,,,,,,,,,,,,,,,,
1376,,,,,,,,,,,,,,,,,,,,,,,,,,,,,,,,,,
1538,,,,,,,,,,,,,,,,,,,,,,,,,,,,,,,,,,
1664,,,,,,,,,,,,,,,,,,,,,,,,,,,,,,,,,,
1698,,,,,,,,,,,,,,,,,,,,,,,,,,,,,,,,,,
1775,,,,,,,,,,,,,,,,,,,,,,,,,,,,,,,,,,
1800,,,,,,,,,,,,,,,,,,,,,,,,,,,,,,,,,,
1822,,,,,,,,,,,,,,,,,,,,,,,,,,,,,,,,,,
1822,,,,,,,,,,,,,,,,,,,,,,,,,,,,,,,,,,
1840,,,,,,,,,,,,,,,,,,,,,,,,,,,,,,,,,,
1874,,,,,,,,,,,,,,,,,,,,,,,,,,,,,,,,,,
1911,,,,,,,,,,,,,,,,,,,,,,,,,,,,,,,,,,
1911,,,,,,,,,,,,,,,,,,,,,,,,,,,,,,,,,,
1916,,,,,,,,,,,,,,,,,,,,,,,,,,,,,,,,,,
1928,,,,,,,,,,,,,,,,,,,,,,,,,,,,,,,,,,
1933,,,,,,,,,,,,,,,,,,,,,,,,,,,,,,,,,,
1944,,,,,,,,,,,,,,,,,,,,,,,,,,,,,,,,,,
1953,,,,,,,,,,,,,,,,,,,,,,,,,,,,,,,,,,
1966,,,,,,,,,,,,,,,,,,,,,,,,,,,,,,,,,,
1966,,,,,,,,,,,,,,,,,,,,,,,,,,,,,,,,,,
1969,,,,,,,,,,,,,,,,,,,,,,,,,,,,,,,,,,
1971,,,,,,,,,,,,,,,,,,,,,,,,,,,,,,,,,,
1973,,,,,,,,,,,,,,,,,,,,,,,,,,,,,,,,,,
1979,,,,,,,,,,,,,,,,,,,,,,,,,,,,,,,,,,
1981,,,,,,,,,,,,,,,,,,,,,,,,,,,,,,,,,,
1982,,,,,,,,,,,,,,,,,,,,,,,,,,,,,,,,,,
1993,,,,,,,,,,,,,,,,,,,,,,,,,,,,,,,,,,
2002,,,,,,,,,,,,,,,,,,,,,,,,,,,,,,,,,,
2008,,,,,,,,,,,,,,,,,,,,,,,,,,,,,,,,,,
2011,,,,,,,,,,,,,,,,,,,,,,,,,,,,,,,,,,
2013,,,,,,,,,,,,,,,,,,,,,,,,,,,,,,,,,,
2014,,,,,,,,,,,,,,,,,,,,,,,,,,,,,,,,,,
2014,,,,,,,,,,,,,,,,,,,,,,,,,,,,,,,,,,
2018,,,,,,,,,,,,,,,,,,,,,,,,,,,,,,,,,,
2018,,,,,,,,,,,,,,,,,,,,,,,,,,,,,,,,,,
-1750,,,,,,,,,,,,,,,,,,,,,,,,,,,,,,,,,,
847,,,,,,,,,,,,,,,,,,,,,,,,,,,,,,,,,,
930,,,,,,,,,,,,,,,,,,,,,,,,,,,,,,,,,,
1158,,,,,,,,,,,,,,,,,,,,,,,,,,,,,,,,,,
1329,,,,,,,,,,,,,,,,,,,,,,,,,,,,,,,,,,
1510,,,,,,,,,,,,,,,,,,,,,,,,,,,,,,,,,,
1615,,,,,,,,,,,,,,,,,,,,,,,,,,,,,,,,,,
1617,,,,,,,,,,,,,,,,,,,,,,,,,,,,,,,,,,
1646,,,,,,,,,,,,,,,,,,,,,,,,,,,,,,,,,,
1677,,,,,,,,,,,,,,,,,,,,,,,,,,,,,,,,,,
1784,,,,,,,,,,,,,,,,,,,,,,,,,,,,,,,,,,
1800,,,,,,,,,,,,,,,,,,,,,,,,,,,,,,,,,,
1820,,,,,,,,,,,,,,,,,,,,,,,,,,,,,,,,,,
1827,,,,,,,,,,,,,,,,,,,,,,,,,,,,,,,,,,
1843,,,,,,,,,,,,,,,,,,,,,,,,,,,,,,,,,,
1847,,,,,,,,,,,,,,,,,,,,,,,,,,,,,,,,,,
1857,,,,,,,,,,,,,,,,,,,,,,,,,,,,,,,,,,
1866,,,,,,,,,,,,,,,,,,,,,,,,,,,,,,,,,,
1870,,,,,,,,,,,,,,,,,,,,,,,,,,,,,,,,,,
1870,,,,,,,,,,,,,,,,,,,,,,,,,,,,,,,,,,
1885,,,,,,,,,,,,,,,,,,,,,,,,,,,,,,,,,,
1897,,,,,,,,,,,,,,,,,,,,,,,,,,,,,,,,,,
1902,,,,,,,,,,,,,,,,,,,,,,,,,,,,,,,,,,
1903,,,,,,,,,,,,,,,,,,,,,,,,,,,,,,,,,,
1932,,,,,,,,,,,,,,,,,,,,,,,,,,,,,,,,,,
1951,,,,,,,,,,,,,,,,,,,,,,,,,,,,,,,,,,
1971,,,,,,,,,,,,,,,,,,,,,,,,,,,,,,,,,,
1991,,,,,,,,,,,,,,,,,,,,,,,,,,,,,,,,,,
1995,,,,,,,,,,,,,,,,,,,,,,,,,,,,,,,,,,
1998,,,,,,,,,,,,,,,,,,,,,,,,,,,,,,,,,,
1999,,,,,,,,,,,,,,,,,,,,,,,,,,,,,,,,,,
2011,,,,,,,,,,,,,,,,,,,,,,,,,,,,,,,,,,
2017,,,,,,,,,,,,,,,,,,,,,,,,,,,,,,,,,,
-4360,,,,,,,,,,,,,,,,,,,,,,,,,,,,,,,,,,
-4000,,,,,,,,,,,,,,,,,,,,,,,,,,,,,,,,,,
-50,,,,,,,,,,,,,,,,,,,,,,,,,,,,,,,,,,
46,,,,,,,,,,,,,,,,,,,,,,,,,,,,,,,,,,
500,,,,,,,,,,,,,,,,,,,,,,,,,,,,,,,,,,
787,,,,,,,,,,,,,,,,,,,,,,,,,,,,,,,,,,
1536,,,,,,,,,,,,,,,,,,,,,,,,,,,,,,,,,,
1690,,,,,,,,,,,,,,,,,,,,,,,,,,,,,,,,,,
1726,,,,,,,,,,,,,,,,,,,,,,,,,,,,,,,,,,
1730,,,,,,,,,,,,,,,,,,,,,,,,,,,,,,,,,,
1742,,,,,,,,,,,,,,,,,,,,,,,,,,,,,,,,,,
1749,,,,,,,,,,,,,,,,,,,,,,,,,,,,,,,,,,
1848,,,,,,,,,,,,,,,,,,,,,,,,,,,,,,,,,,
1861,,,,,,,,,,,,,,,,,,,,,,,,,,,,,,,,,,
1892,,,,,,,,,,,,,,,,,,,,,,,,,,,,,,,,,,
1897,,,,,,,,,,,,,,,,,,,,,,,,,,,,,,,,,,
1902,,,,,,,,,,,,,,,,,,,,,,,,,,,,,,,,,,
1912,,,,,,,,,,,,,,,,,,,,,,,,,,,,,,,,,,
1919,,,,,,,,,,,,,,,,,,,,,,,,,,,,,,,,,,
1919,,,,,,,,,,,,,,,,,,,,,,,,,,,,,,,,,,
1923,,,,,,,,,,,,,,,,,,,,,,,,,,,,,,,,,,
1929,,,,,,,,,,,,,,,,,,,,,,,,,,,,,,,,,,
1939,,,,,,,,,,,,,,,,,,,,,,,,,,,,,,,,,,
1940,,,,,,,,,,,,,,,,,,,,,,,,,,,,,,,,,,
1947,,,,,,,,,,,,,,,,,,,,,,,,,,,,,,,,,,
1957,,,,,,,,,,,,,,,,,,,,,,,,,,,,,,,,,,
1979,,,,,,,,,,,,,,,,,,,,,,,,,,,,,,,,,,
1980,,,,,,,,,,,,,,,,,,,,,,,,,,,,,,,,,,
1989,,,,,,,,,,,,,,,,,,,,,,,,,,,,,,,,,,
1994,,,,,,,,,,,,,,,,,,,,,,,,,,,,,,,,,,
2001,,,,,,,,,,,,,,,,,,,,,,,,,,,,,,,,,,
2011,,,,,,,,,,,,,,,,,,,,,,,,,,,,,,,,,,
2014,,,,,,,,,,,,,,,,,,,,,,,,,,,,,,,,,,
-3550,,,,,,,,,,,,,,,,,,,,,,,,,,,,,,,,,,
1050,,,,,,,,,,,,,,,,,,,,,,,,,,,,,,,,,,
1177,,,,,,,,,,,,,,,,,,,,,,,,,,,,,,,,,,
1595,,,,,,,,,,,,,,,,,,,,,,,,,,,,,,,,,,
1598,,,,,,,,,,,,,,,,,,,,,,,,,,,,,,,,,,
1638,,,,,,,,,,,,,,,,,,,,,,,,,,,,,,,,,,
1659,,,,,,,,,,,,,,,,,,,,,,,,,,,,,,,,,,
1684,,,,,,,,,,,,,,,,,,,,,,,,,,,,,,,,,,
1693,,,,,,,,,,,,,,,,,,,,,,,,,,,,,,,,,,
1694,,,,,,,,,,,,,,,,,,,,,,,,,,,,,,,,,,
1794,,,,,,,,,,,,,,,,,,,,,,,,,,,,,,,,,,
1800,,,,,,,,,,,,,,,,,,,,,,,,,,,,,,,,,,
1816,,,,,,,,,,,,,,,,,,,,,,,,,,,,,,,,,,
1817,,,,,,,,,,,,,,,,,,,,,,,,,,,,,,,,,,
1825,,,,,,,,,,,,,,,,,,,,,,,,,,,,,,,,,,
1846,,,,,,,,,,,,,,,,,,,,,,,,,,,,,,,,,,
1875,,,,,,,,,,,,,,,,,,,,,,,,,,,,,,,,,,
1889,,,,,,,,,,,,,,,,,,,,,,,,,,,,,,,,,,
1912,,,,,,,,,,,,,,,,,,,,,,,,,,,,,,,,,,
1953,,,,,,,,,,,,,,,,,,,,,,,,,,,,,,,,,,
1961,,,,,,,,,,,,,,,,,,,,,,,,,,,,,,,,,,
1964,,,,,,,,,,,,,,,,,,,,,,,,,,,,,,,,,,
1965,,,,,,,,,,,,,,,,,,,,,,,,,,,,,,,,,,
1971,,,,,,,,,,,,,,,,,,,,,,,,,,,,,,,,,,
1976,,,,,,,,,,,,,,,,,,,,,,,,,,,,,,,,,,
1976,,,,,,,,,,,,,,,,,,,,,,,,,,,,,,,,,,
1978,,,,,,,,,,,,,,,,,,,,,,,,,,,,,,,,,,
1983,,,,,,,,,,,,,,,,,,,,,,,,,,,,,,,,,,
1986,,,,,,,,,,,,,,,,,,,,,,,,,,,,,,,,,,
1992,,,,,,,,,,,,,,,,,,,,,,,,,,,,,,,,,,
2002,,,,,,,,,,,,,,,,,,,,,,,,,,,,,,,,,,
2013,,,,,,,,,,,,,,,,,,,,,,,,,,,,,,,,,,
2013,,,,,,,,,,,,,,,,,,,,,,,,,,,,,,,,,,
2017,,,,,,,,,,,,,,,,,,,,,,,,,,,,,,,,,,
2018,,,,,,,,,,,,,,,,,,,,,,,,,,,,,,,,,,
2019,,,,,,,,,,,,,,,,,,,,,,,,,,,,,,,,,,
920,,,,,,,,,,,,,,,,,,,,,,,,,,,,,,,,,,
1104,,,,,,,,,,,,,,,,,,,,,,,,,,,,,,,,,,
1151,,,,,,,,,,,,,,,,,,,,,,,,,,,,,,,,,,
1206,,,,,,,,,,,,,,,,,,,,,,,,,,,,,,,,,,
1329,,,,,,,,,,,,,,,,,,,,,,,,,,,,,,,,,,
1485,,,,,,,,,,,,,,,,,,,,,,,,,,,,,,,,,,
1550,,,,,,,,,,,,,,,,,,,,,,,,,,,,,,,,,,
1576,,,,,,,,,,,,,,,,,,,,,,,,,,,,,,,,,,
1580,,,,,,,,,,,,,,,,,,,,,,,,,,,,,,,,,,
1598,,,,,,,,,,,,,,,,,,,,,,,,,,,,,,,,,,
1730,,,,,,,,,,,,,,,,,,,,,,,,,,,,,,,,,,
1772,,,,,,,,,,,,,,,,,,,,,,,,,,,,,,,,,,
1781,,,,,,,,,,,,,,,,,,,,,,,,,,,,,,,,,,
1826,,,,,,,,,,,,,,,,,,,,,,,,,,,,,,,,,,
1840,,,,,,,,,,,,,,,,,,,,,,,,,,,,,,,,,,
1840,,,,,,,,,,,,,,,,,,,,,,,,,,,,,,,,,,
1850,,,,,,,,,,,,,,,,,,,,,,,,,,,,,,,,,,
1858,,,,,,,,,,,,,,,,,,,,,,,,,,,,,,,,,,
1883,,,,,,,,,,,,,,,,,,,,,,,,,,,,,,,,,,
1887,,,,,,,,,,,,,,,,,,,,,,,,,,,,,,,,,,
1890,,,,,,,,,,,,,,,,,,,,,,,,,,,,,,,,,,
1902,,,,,,,,,,,,,,,,,,,,,,,,,,,,,,,,,,
1902,,,,,,,,,,,,,,,,,,,,,,,,,,,,,,,,,,
1936,,,,,,,,,,,,,,,,,,,,,,,,,,,,,,,,,,
1937,,,,,,,,,,,,,,,,,,,,,,,,,,,,,,,,,,
1943,,,,,,,,,,,,,,,,,,,,,,,,,,,,,,,,,,
1951,,,,,,,,,,,,,,,,,,,,,,,,,,,,,,,,,,
1970,,,,,,,,,,,,,,,,,,,,,,,,,,,,,,,,,,
1981,,,,,,,,,,,,,,,,,,,,,,,,,,,,,,,,,,
1983,,,,,,,,,,,,,,,,,,,,,,,,,,,,,,,,,,
1985,,,,,,,,,,,,,,,,,,,,,,,,,,,,,,,,,,
1990,,,,,,,,,,,,,,,,,,,,,,,,,,,,,,,,,,
1990,,,,,,,,,,,,,,,,,,,,,,,,,,,,,,,,,,
1997,,,,,,,,,,,,,,,,,,,,,,,,,,,,,,,,,,
1999,,,,,,,,,,,,,,,,,,,,,,,,,,,,,,,,,,
2000,,,,,,,,,,,,,,,,,,,,,,,,,,,,,,,,,,
-1860,,,,,,,,,,,,,,,,,,,,,,,,,,,,,,,,,,
230,,,,,,,,,,,,,,,,,,,,,,,,,,,,,,,,,,
1169,,,,,,,,,,,,,,,,,,,,,,,,,,,,,,,,,,
1566,,,,,,,,,,,,,,,,,,,,,,,,,,,,,,,,,,
1597,,,,,,,,,,,,,,,,,,,,,,,,,,,,,,,,,,
1640,,,,,,,,,,,,,,,,,,,,,,,,,,,,,,,,,,
1650,,,,,,,,,,,,,,,,,,,,,,,,,,,,,,,,,,
1660,,,,,,,,,,,,,,,,,,,,,,,,,,,,,,,,,,
1672,,,,,,,,,,,,,,,,,,,,,,,,,,,,,,,,,,
1679,,,,,,,,,,,,,,,,,,,,,,,,,,,,,,,,,,
1717,,,,,,,,,,,,,,,,,,,,,,,,,,,,,,,,,,
1741,,,,,,,,,,,,,,,,,,,,,,,,,,,,,,,,,,
1753,,,,,,,,,,,,,,,,,,,,,,,,,,,,,,,,,,
1780,,,,,,,,,,,,,,,,,,,,,,,,,,,,,,,,,,
1817,,,,,,,,,,,,,,,,,,,,,,,,,,,,,,,,,,
1833,,,,,,,,,,,,,,,,,,,,,,,,,,,,,,,,,,
1841,,,,,,,,,,,,,,,,,,,,,,,,,,,,,,,,,,
1843,,,,,,,,,,,,,,,,,,,,,,,,,,,,,,,,,,
1871,,,,,,,,,,,,,,,,,,,,,,,,,,,,,,,,,,
1899,,,,,,,,,,,,,,,,,,,,,,,,,,,,,,,,,,
1900,,,,,,,,,,,,,,,,,,,,,,,,,,,,,,,,,,
1928,,,,,,,,,,,,,,,,,,,,,,,,,,,,,,,,,,
1937,,,,,,,,,,,,,,,,,,,,,,,,,,,,,,,,,,
1946,,,,,,,,,,,,,,,,,,,,,,,,,,,,,,,,,,
1953,,,,,,,,,,,,,,,,,,,,,,,,,,,,,,,,,,
1976,,,,,,,,,,,,,,,,,,,,,,,,,,,,,,,,,,
1977,,,,,,,,,,,,,,,,,,,,,,,,,,,,,,,,,,
1981,,,,,,,,,,,,,,,,,,,,,,,,,,,,,,,,,,
1992,,,,,,,,,,,,,,,,,,,,,,,,,,,,,,,,,,
1994,,,,,,,,,,,,,,,,,,,,,,,,,,,,,,,,,,
1997,,,,,,,,,,,,,,,,,,,,,,,,,,,,,,,,,,
2005,,,,,,,,,,,,,,,,,,,,,,,,,,,,,,,,,,
2006,,,,,,,,,,,,,,,,,,,,,,,,,,,,,,,,,,
2014,,,,,,,,,,,,,,,,,,,,,,,,,,,,,,,,,,
2015,,,,,,,,,,,,,,,,,,,,,,,,,,,,,,,,,,
-1460,,,,,,,,,,,,,,,,,,,,,,,,,,,,,,,,,,
1000,,,,,,,,,,,,,,,,,,,,,,,,,,,,,,,,,,
1727,,,,,,,,,,,,,,,,,,,,,,,,,,,,,,,,,,
1826,,,,,,,,,,,,,,,,,,,,,,,,,,,,,,,,,,
1868,,,,,,,,,,,,,,,,,,,,,,,,,,,,,,,,,,
1869,,,,,,,,,,,,,,,,,,,,,,,,,,,,,,,,,,
1895,,,,,,,,,,,,,,,,,,,,,,,,,,,,,,,,,,
1900,,,,,,,,,,,,,,,,,,,,,,,,,,,,,,,,,,
1900,,,,,,,,,,,,,,,,,,,,,,,,,,,,,,,,,,
1902,,,,,,,,,,,,,,,,,,,,,,,,,,,,,,,,,,
1907,,,,,,,,,,,,,,,,,,,,,,,,,,,,,,,,,,
1913,,,,,,,,,,,,,,,,,,,,,,,,,,,,,,,,,,
1930,,,,,,,,,,,,,,,,,,,,,,,,,,,,,,,,,,
1932,,,,,,,,,,,,,,,,,,,,,,,,,,,,,,,,,,
1938,,,,,,,,,,,,,,,,,,,,,,,,,,,,,,,,,,
1938,,,,,,,,,,,,,,,,,,,,,,,,,,,,,,,,,,
1954,,,,,,,,,,,,,,,,,,,,,,,,,,,,,,,,,,
1958,,,,,,,,,,,,,,,,,,,,,,,,,,,,,,,,,,
1961,,,,,,,,,,,,,,,,,,,,,,,,,,,,,,,,,,
1964,,,,,,,,,,,,,,,,,,,,,,,,,,,,,,,,,,
1992,,,,,,,,,,,,,,,,,,,,,,,,,,,,,,,,,,
1995,,,,,,,,,,,,,,,,,,,,,,,,,,,,,,,,,,
1998,,,,,,,,,,,,,,,,,,,,,,,,,,,,,,,,,,
2000,,,,,,,,,,,,,,,,,,,,,,,,,,,,,,,,,,
2010,,,,,,,,,,,,,,,,,,,,,,,,,,,,,,,,,,
2010,,,,,,,,,,,,,,,,,,,,,,,,,,,,,,,,,,
2011,,,,,,,,,,,,,,,,,,,,,,,,,,,,,,,,,,
2013,,,,,,,,,,,,,,,,,,,,,,,,,,,,,,,,,,
2016,,,,,,,,,,,,,,,,,,,,,,,,,,,,,,,,,,
2018,,,,,,,,,,,,,,,,,,,,,,,,,,,,,,,,,,
-1900,,,,,,,,,,,,,,,,,,,,,,,,,,,,,,,,,,
1477,,,,,,,,,,,,,,,,,,,,,,,,,,,,,,,,,,
1597,,,,,,,,,,,,,,,,,,,,,,,,,,,,,,,,,,
1673,,,,,,,,,,,,,,,,,,,,,,,,,,,,,,,,,,
1754,,,,,,,,,,,,,,,,,,,,,,,,,,,,,,,,,,
1768,,,,,,,,,,,,,,,,,,,,,,,,,,,,,,,,,,
1792,,,,,,,,,,,,,,,,,,,,,,,,,,,,,,,,,,
1814,,,,,,,,,,,,,,,,,,,,,,,,,,,,,,,,,,
1815,,,,,,,,,,,,,,,,,,,,,,,,,,,,,,,,,,
1818,,,,,,,,,,,,,,,,,,,,,,,,,,,,,,,,,,
1854,,,,,,,,,,,,,,,,,,,,,,,,,,,,,,,,,,
1863,,,,,,,,,,,,,,,,,,,,,,,,,,,,,,,,,,
1872,,,,,,,,,,,,,,,,,,,,,,,,,,,,,,,,,,
1884,,,,,,,,,,,,,,,,,,,,,,,,,,,,,,,,,,
1888,,,,,,,,,,,,,,,,,,,,,,,,,,,,,,,,,,
1888,,,,,,,,,,,,,,,,,,,,,,,,,,,,,,,,,,
1913,,,,,,,,,,,,,,,,,,,,,,,,,,,,,,,,,,
1916,,,,,,,,,,,,,,,,,,,,,,,,,,,,,,,,,,
1920,,,,,,,,,,,,,,,,,,,,,,,,,,,,,,,,,,
1946,,,,,,,,,,,,,,,,,,,,,,,,,,,,,,,,,,
1948,,,,,,,,,,,,,,,,,,,,,,,,,,,,,,,,,,
1950,,,,,,,,,,,,,,,,,,,,,,,,,,,,,,,,,,
1950,,,,,,,,,,,,,,,,,,,,,,,,,,,,,,,,,,
1951,,,,,,,,,,,,,,,,,,,,,,,,,,,,,,,,,,
1956,,,,,,,,,,,,,,,,,,,,,,,,,,,,,,,,,,
1958,,,,,,,,,,,,,,,,,,,,,,,,,,,,,,,,,,
1967,,,,,,,,,,,,,,,,,,,,,,,,,,,,,,,,,,
1974,,,,,,,,,,,,,,,,,,,,,,,,,,,,,,,,,,
1979,,,,,,,,,,,,,,,,,,,,,,,,,,,,,,,,,,
1984,,,,,,,,,,,,,,,,,,,,,,,,,,,,,,,,,,
1988,,,,,,,,,,,,,,,,,,,,,,,,,,,,,,,,,,
1993,,,,,,,,,,,,,,,,,,,,,,,,,,,,,,,,,,
1996,,,,,,,,,,,,,,,,,,,,,,,,,,,,,,,,,,
1997,,,,,,,,,,,,,,,,,,,,,,,,,,,,,,,,,,
2006,,,,,,,,,,,,,,,,,,,,,,,,,,,,,,,,,,
2007,,,,,,,,,,,,,,,,,,,,,,,,,,,,,,,,,,
2007,,,,,,,,,,,,,,,,,,,,,,,,,,,,,,,,,,
2011,,,,,,,,,,,,,,,,,,,,,,,,,,,,,,,,,,
2012,,,,,,,,,,,,,,,,,,,,,,,,,,,,,,,,,,
2018,,,,,,,,,,,,,,,,,,,,,,,,,,,,,,,,,,
2020,,,,,,,,,,,,,,,,,,,,,,,,,,,,,,,,,,
50,,,,,,,,,,,,,,,,,,,,,,,,,,,,,,,,,,
590,,,,,,,,,,,,,,,,,,,,,,,,,,,,,,,,,,
1302,,,,,,,,,,,,,,,,,,,,,,,,,,,,,,,,,,
1568,,,,,,,,,,,,,,,,,,,,,,,,,,,,,,,,,,
1570,,,,,,,,,,,,,,,,,,,,,,,,,,,,,,,,,,
1663,,,,,,,,,,,,,,,,,,,,,,,,,,,,,,,,,,
1693,,,,,,,,,,,,,,,,,,,,,,,,,,,,,,,,,,
1755,,,,,,,,,,,,,,,,,,,,,,,,,,,,,,,,,,
1843,,,,,,,,,,,,,,,,,,,,,,,,,,,,,,,,,,
1872,,,,,,,,,,,,,,,,,,,,,,,,,,,,,,,,,,
1878,,,,,,,,,,,,,,,,,,,,,,,,,,,,,,,,,,
1913,,,,,,,,,,,,,,,,,,,,,,,,,,,,,,,,,,
1949,,,,,,,,,,,,,,,,,,,,,,,,,,,,,,,,,,
1957,,,,,,,,,,,,,,,,,,,,,,,,,,,,,,,,,,
1963,,,,,,,,,,,,,,,,,,,,,,,,,,,,,,,,,,
1971,,,,,,,,,,,,,,,,,,,,,,,,,,,,,,,,,,
1992,,,,,,,,,,,,,,,,,,,,,,,,,,,,,,,,,,
1997,,,,,,,,,,,,,,,,,,,,,,,,,,,,,,,,,,
1997,,,,,,,,,,,,,,,,,,,,,,,,,,,,,,,,,,
1997,,,,,,,,,,,,,,,,,,,,,,,,,,,,,,,,,,
2004,,,,,,,,,,,,,,,,,,,,,,,,,,,,,,,,,,
2013,,,,,,,,,,,,,,,,,,,,,,,,,,,,,,,,,,
2013,,,,,,,,,,,,,,,,,,,,,,,,,,,,,,,,,,
2015,,,,,,,,,,,,,,,,,,,,,,,,,,,,,,,,,,
-3580,,,,,,,,,,,,,,,,,,,,,,,,,,,,,,,,,,
-2040,,,,,,,,,,,,,,,,,,,,,,,,,,,,,,,,,,
653,,,,,,,,,,,,,,,,,,,,,,,,,,,,,,,,,,
683,,,,,,,,,,,,,,,,,,,,,,,,,,,,,,,,,,
950,,,,,,,,,,,,,,,,,,,,,,,,,,,,,,,,,,
1580,,,,,,,,,,,,,,,,,,,,,,,,,,,,,,,,,,
1581,,,,,,,,,,,,,,,,,,,,,,,,,,,,,,,,,,
1608,,,,,,,,,,,,,,,,,,,,,,,,,,,,,,,,,,
1625,,,,,,,,,,,,,,,,,,,,,,,,,,,,,,,,,,
1660,,,,,,,,,,,,,,,,,,,,,,,,,,,,,,,,,,
1773,,,,,,,,,,,,,,,,,,,,,,,,,,,,,,,,,,
1779,,,,,,,,,,,,,,,,,,,,,,,,,,,,,,,,,,
1801,,,,,,,,,,,,,,,,,,,,,,,,,,,,,,,,,,
1804,,,,,,,,,,,,,,,,,,,,,,,,,,,,,,,,,,
1820,,,,,,,,,,,,,,,,,,,,,,,,,,,,,,,,,,
1845,,,,,,,,,,,,,,,,,,,,,,,,,,,,,,,,,,
1867,,,,,,,,,,,,,,,,,,,,,,,,,,,,,,,,,,
1870,,,,,,,,,,,,,,,,,,,,,,,,,,,,,,,,,,
1910,,,,,,,,,,,,,,,,,,,,,,,,,,,,,,,,,,
1952,,,,,,,,,,,,,,,,,,,,,,,,,,,,,,,,,,
1953,,,,,,,,,,,,,,,,,,,,,,,,,,,,,,,,,,
1963,,,,,,,,,,,,,,,,,,,,,,,,,,,,,,,,,,
1974,,,,,,,,,,,,,,,,,,,,,,,,,,,,,,,,,,
1986,,,,,,,,,,,,,,,,,,,,,,,,,,,,,,,,,,
1987,,,,,,,,,,,,,,,,,,,,,,,,,,,,,,,,,,
1990,,,,,,,,,,,,,,,,,,,,,,,,,,,,,,,,,,
1993,,,,,,,,,,,,,,,,,,,,,,,,,,,,,,,,,,
2000,,,,,,,,,,,,,,,,,,,,,,,,,,,,,,,,,,
2006,,,,,,,,,,,,,,,,,,,,,,,,,,,,,,,,,,
2009,,,,,,,,,,,,,,,,,,,,,,,,,,,,,,,,,,
2016,,,,,,,,,,,,,,,,,,,,,,,,,,,,,,,,,,
2018,,,,,,,,,,,,,,,,,,,,,,,,,,,,,,,,,,
2019,,,,,,,,,,,,,,,,,,,,,,,,,,,,,,,,,,
-1645,,,,,,,,,,,,,,,,,,,,,,,,,,,,,,,,,,
1636,,,,,,,,,,,,,,,,,,,,,,,,,,,,,,,,,,
1669,,,,,,,,,,,,,,,,,,,,,,,,,,,,,,,,,,
1698,,,,,,,,,,,,,,,,,,,,,,,,,,,,,,,,,,
1706,,,,,,,,,,,,,,,,,,,,,,,,,,,,,,,,,,
1707,,,,,,,,,,,,,,,,,,,,,,,,,,,,,,,,,,
1826,,,,,,,,,,,,,,,,,,,,,,,,,,,,,,,,,,
1832,,,,,,,,,,,,,,,,,,,,,,,,,,,,,,,,,,
1835,,,,,,,,,,,,,,,,,,,,,,,,,,,,,,,,,,
1860,,,,,,,,,,,,,,,,,,,,,,,,,,,,,,,,,,
1871,,,,,,,,,,,,,,,,,,,,,,,,,,,,,,,,,,
1872,,,,,,,,,,,,,,,,,,,,,,,,,,,,,,,,,,
1899,,,,,,,,,,,,,,,,,,,,,,,,,,,,,,,,,,
1905,,,,,,,,,,,,,,,,,,,,,,,,,,,,,,,,,,
1924,,,,,,,,,,,,,,,,,,,,,,,,,,,,,,,,,,
1931,,,,,,,,,,,,,,,,,,,,,,,,,,,,,,,,,,
1947,,,,,,,,,,,,,,,,,,,,,,,,,,,,,,,,,,
1957,,,,,,,,,,,,,,,,,,,,,,,,,,,,,,,,,,
1963,,,,,,,,,,,,,,,,,,,,,,,,,,,,,,,,,,
1967,,,,,,,,,,,,,,,,,,,,,,,,,,,,,,,,,,
1969,,,,,,,,,,,,,,,,,,,,,,,,,,,,,,,,,,
1988,,,,,,,,,,,,,,,,,,,,,,,,,,,,,,,,,,
1990,,,,,,,,,,,,,,,,,,,,,,,,,,,,,,,,,,
1994,,,,,,,,,,,,,,,,,,,,,,,,,,,,,,,,,,
1999,,,,,,,,,,,,,,,,,,,,,,,,,,,,,,,,,,
1999,,,,,,,,,,,,,,,,,,,,,,,,,,,,,,,,,,
2019,,,,,,,,,,,,,,,,,,,,,,,,,,,,,,,,,,
1357,,,,,,,,,,,,,,,,,,,,,,,,,,,,,,,,,,
1586,,,,,,,,,,,,,,,,,,,,,,,,,,,,,,,,,,
1730,,,,,,,,,,,,,,,,,,,,,,,,,,,,,,,,,,
1823,,,,,,,,,,,,,,,,,,,,,,,,,,,,,,,,,,
1832,,,,,,,,,,,,,,,,,,,,,,,,,,,,,,,,,,
1838,,,,,,,,,,,,,,,,,,,,,,,,,,,,,,,,,,
1858,,,,,,,,,,,,,,,,,,,,,,,,,,,,,,,,,,
1872,,,,,,,,,,,,,,,,,,,,,,,,,,,,,,,,,,
1879,,,,,,,,,,,,,,,,,,,,,,,,,,,,,,,,,,
1893,,,,,,,,,,,,,,,,,,,,,,,,,,,,,,,,,,
1918,,,,,,,,,,,,,,,,,,,,,,,,,,,,,,,,,,
1940,,,,,,,,,,,,,,,,,,,,,,,,,,,,,,,,,,
1966,,,,,,,,,,,,,,,,,,,,,,,,,,,,,,,,,,
1970,,,,,,,,,,,,,,,,,,,,,,,,,,,,,,,,,,
1974,,,,,,,,,,,,,,,,,,,,,,,,,,,,,,,,,,
1975,,,,,,,,,,,,,,,,,,,,,,,,,,,,,,,,,,
1977,,,,,,,,,,,,,,,,,,,,,,,,,,,,,,,,,,
1984,,,,,,,,,,,,,,,,,,,,,,,,,,,,,,,,,,
1989,,,,,,,,,,,,,,,,,,,,,,,,,,,,,,,,,,
1991,,,,,,,,,,,,,,,,,,,,,,,,,,,,,,,,,,
1991,,,,,,,,,,,,,,,,,,,,,,,,,,,,,,,,,,
1992,,,,,,,,,,,,,,,,,,,,,,,,,,,,,,,,,,
1993,,,,,,,,,,,,,,,,,,,,,,,,,,,,,,,,,,
1995,,,,,,,,,,,,,,,,,,,,,,,,,,,,,,,,,,
2015,,,,,,,,,,,,,,,,,,,,,,,,,,,,,,,,,,
2018,,,,,,,,,,,,,,,,,,,,,,,,,,,,,,,,,,
1280,,,,,,,,,,,,,,,,,,,,,,,,,,,,,,,,,,
1540,,,,,,,,,,,,,,,,,,,,,,,,,,,,,,,,,,
1660,,,,,,,,,,,,,,,,,,,,,,,,,,,,,,,,,,
1858,,,,,,,,,,,,,,,,,,,,,,,,,,,,,,,,,,
1864,,,,,,,,,,,,,,,,,,,,,,,,,,,,,,,,,,
1873,,,,,,,,,,,,,,,,,,,,,,,,,,,,,,,,,,
1902,,,,,,,,,,,,,,,,,,,,,,,,,,,,,,,,,,
1907,,,,,,,,,,,,,,,,,,,,,,,,,,,,,,,,,,
1909,,,,,,,,,,,,,,,,,,,,,,,,,,,,,,,,,,
1919,,,,,,,,,,,,,,,,,,,,,,,,,,,,,,,,,,
1919,,,,,,,,,,,,,,,,,,,,,,,,,,,,,,,,,,
1920,,,,,,,,,,,,,,,,,,,,,,,,,,,,,,,,,,
1938,,,,,,,,,,,,,,,,,,,,,,,,,,,,,,,,,,
1949,,,,,,,,,,,,,,,,,,,,,,,,,,,,,,,,,,
1963,,,,,,,,,,,,,,,,,,,,,,,,,,,,,,,,,,
1968,,,,,,,,,,,,,,,,,,,,,,,,,,,,,,,,,,
1985,,,,,,,,,,,,,,,,,,,,,,,,,,,,,,,,,,
1992,,,,,,,,,,,,,,,,,,,,,,,,,,,,,,,,,,
2001,,,,,,,,,,,,,,,,,,,,,,,,,,,,,,,,,,
2004,,,,,,,,,,,,,,,,,,,,,,,,,,,,,,,,,,
2010,,,,,,,,,,,,,,,,,,,,,,,,,,,,,,,,,,
2018,,,,,,,,,,,,,,,,,,,,,,,,,,,,,,,,,,
2020,,,,,,,,,,,,,,,,,,,,,,,,,,,,,,,,,,
1334,,,,,,,,,,,,,,,,,,,,,,,,,,,,,,,,,,
1564,,,,,,,,,,,,,,,,,,,,,,,,,,,,,,,,,,
1711,,,,,,,,,,,,,,,,,,,,,,,,,,,,,,,,,,
1873,,,,,,,,,,,,,,,,,,,,,,,,,,,,,,,,,,
1877,,,,,,,,,,,,,,,,,,,,,,,,,,,,,,,,,,
1892,,,,,,,,,,,,,,,,,,,,,,,,,,,,,,,,,,
1895,,,,,,,,,,,,,,,,,,,,,,,,,,,,,,,,,,
1895,,,,,,,,,,,,,,,,,,,,,,,,,,,,,,,,,,
1902,,,,,,,,,,,,,,,,,,,,,,,,,,,,,,,,,,
1904,,,,,,,,,,,,,,,,,,,,,,,,,,,,,,,,,,
1906,,,,,,,,,,,,,,,,,,,,,,,,,,,,,,,,,,
1928,,,,,,,,,,,,,,,,,,,,,,,,,,,,,,,,,,
1929,,,,,,,,,,,,,,,,,,,,,,,,,,,,,,,,,,
1930,,,,,,,,,,,,,,,,,,,,,,,,,,,,,,,,,,
1933,,,,,,,,,,,,,,,,,,,,,,,,,,,,,,,,,,
1933,,,,,,,,,,,,,,,,,,,,,,,,,,,,,,,,,,
1950,,,,,,,,,,,,,,,,,,,,,,,,,,,,,,,,,,
1972,,,,,,,,,,,,,,,,,,,,,,,,,,,,,,,,,,
1978,,,,,,,,,,,,,,,,,,,,,,,,,,,,,,,,,,
1979,,,,,,,,,,,,,,,,,,,,,,,,,,,,,,,,,,
1996,,,,,,,,,,,,,,,,,,,,,,,,,,,,,,,,,,
2002,,,,,,,,,,,,,,,,,,,,,,,,,,,,,,,,,,
2011,,,,,,,,,,,,,,,,,,,,,,,,,,,,,,,,,,
2016,,,,,,,,,,,,,,,,,,,,,,,,,,,,,,,,,,
-1890,,,,,,,,,,,,,,,,,,,,,,,,,,,,,,,,,,
-455,,,,,,,,,,,,,,,,,,,,,,,,,,,,,,,,,,
240,,,,,,,,,,,,,,,,,,,,,,,,,,,,,,,,,,
1362,,,,,,,,,,,,,,,,,,,,,,,,,,,,,,,,,,
1385,,,,,,,,,,,,,,,,,,,,,,,,,,,,,,,,,,
1630,,,,,,,,,,,,,,,,,,,,,,,,,,,,,,,,,,
1669,,,,,,,,,,,,,,,,,,,,,,,,,,,,,,,,,,
1670,,,,,,,,,,,,,,,,,,,,,,,,,,,,,,,,,,
1690,,,,,,,,,,,,,,,,,,,,,,,,,,,,,,,,,,
1766,,,,,,,,,,,,,,,,,,,,,,,,,,,,,,,,,,
1780,,,,,,,,,,,,,,,,,,,,,,,,,,,,,,,,,,
1784,,,,,,,,,,,,,,,,,,,,,,,,,,,,,,,,,,
1890,,,,,,,,,,,,,,,,,,,,,,,,,,,,,,,,,,
1913,,,,,,,,,,,,,,,,,,,,,,,,,,,,,,,,,,
1926,,,,,,,,,,,,,,,,,,,,,,,,,,,,,,,,,,
1932,,,,,,,,,,,,,,,,,,,,,,,,,,,,,,,,,,
1964,,,,,,,,,,,,,,,,,,,,,,,,,,,,,,,,,,
1967,,,,,,,,,,,,,,,,,,,,,,,,,,,,,,,,,,
1974,,,,,,,,,,,,,,,,,,,,,,,,,,,,,,,,,,
1977,,,,,,,,,,,,,,,,,,,,,,,,,,,,,,,,,,
1988,,,,,,,,,,,,,,,,,,,,,,,,,,,,,,,,,,
1991,,,,,,,,,,,,,,,,,,,,,,,,,,,,,,,,,,
1993,,,,,,,,,,,,,,,,,,,,,,,,,,,,,,,,,,
2008,,,,,,,,,,,,,,,,,,,,,,,,,,,,,,,,,,
2011,,,,,,,,,,,,,,,,,,,,,,,,,,,,,,,,,,
2013,,,,,,,,,,,,,,,,,,,,,,,,,,,,,,,,,,
2014,,,,,,,,,,,,,,,,,,,,,,,,,,,,,,,,,,
2015,,,,,,,,,,,,,,,,,,,,,,,,,,,,,,,,,,
-4350,,,,,,,,,,,,,,,,,,,,,,,,,,,,,,,,,,
934,,,,,,,,,,,,,,,,,,,,,,,,,,,,,,,,,,
1250,,,,,,,,,,,,,,,,,,,,,,,,,,,,,,,,,,
1389,,,,,,,,,,,,,,,,,,,,,,,,,,,,,,,,,,
1471,,,,,,,,,,,,,,,,,,,,,,,,,,,,,,,,,,
1500,,,,,,,,,,,,,,,,,,,,,,,,,,,,,,,,,,
1590,,,,,,,,,,,,,,,,,,,,,,,,,,,,,,,,,,
1596,,,,,,,,,,,,,,,,,,,,,,,,,,,,,,,,,,
1606,,,,,,,,,,,,,,,,,,,,,,,,,,,,,,,,,,
1712,,,,,,,,,,,,,,,,,,,,,,,,,,,,,,,,,,
1716,,,,,,,,,,,,,,,,,,,,,,,,,,,,,,,,,,
1737,,,,,,,,,,,,,,,,,,,,,,,,,,,,,,,,,,
1779,,,,,,,,,,,,,,,,,,,,,,,,,,,,,,,,,,
1783,,,,,,,,,,,,,,,,,,,,,,,,,,,,,,,,,,
1822,,,,,,,,,,,,,,,,,,,,,,,,,,,,,,,,,,
1840,,,,,,,,,,,,,,,,,,,,,,,,,,,,,,,,,,
1845,,,,,,,,,,,,,,,,,,,,,,,,,,,,,,,,,,
1847,,,,,,,,,,,,,,,,,,,,,,,,,,,,,,,,,,
1856,,,,,,,,,,,,,,,,,,,,,,,,,,,,,,,,,,
1861,,,,,,,,,,,,,,,,,,,,,,,,,,,,,,,,,,
1903,,,,,,,,,,,,,,,,,,,,,,,,,,,,,,,,,,
1951,,,,,,,,,,,,,,,,,,,,,,,,,,,,,,,,,,
1954,,,,,,,,,,,,,,,,,,,,,,,,,,,,,,,,,,
1958,,,,,,,,,,,,,,,,,,,,,,,,,,,,,,,,,,
1962,,,,,,,,,,,,,,,,,,,,,,,,,,,,,,,,,,
1969,,,,,,,,,,,,,,,,,,,,,,,,,,,,,,,,,,
1973,,,,,,,,,,,,,,,,,,,,,,,,,,,,,,,,,,
1974,,,,,,,,,,,,,,,,,,,,,,,,,,,,,,,,,,
1978,,,,,,,,,,,,,,,,,,,,,,,,,,,,,,,,,,
1983,,,,,,,,,,,,,,,,,,,,,,,,,,,,,,,,,,
1987,,,,,,,,,,,,,,,,,,,,,,,,,,,,,,,,,,
1994,,,,,,,,,,,,,,,,,,,,,,,,,,,,,,,,,,
1996,,,,,,,,,,,,,,,,,,,,,,,,,,,,,,,,,,
1997,,,,,,,,,,,,,,,,,,,,,,,,,,,,,,,,,,
1999,,,,,,,,,,,,,,,,,,,,,,,,,,,,,,,,,,
2001,,,,,,,,,,,,,,,,,,,,,,,,,,,,,,,,,,
2002,,,,,,,,,,,,,,,,,,,,,,,,,,,,,,,,,,
2011,,,,,,,,,,,,,,,,,,,,,,,,,,,,,,,,,,
2012,,,,,,,,,,,,,,,,,,,,,,,,,,,,,,,,,,
2012,,,,,,,,,,,,,,,,,,,,,,,,,,,,,,,,,,
-1010,,,,,,,,,,,,,,,,,,,,,,,,,,,,,,,,,,
350,,,,,,,,,,,,,,,,,,,,,,,,,,,,,,,,,,
1311,,,,,,,,,,,,,,,,,,,,,,,,,,,,,,,,,,
1587,,,,,,,,,,,,,,,,,,,,,,,,,,,,,,,,,,
1716,,,,,,,,,,,,,,,,,,,,,,,,,,,,,,,,,,
1729,,,,,,,,,,,,,,,,,,,,,,,,,,,,,,,,,,
1742,,,,,,,,,,,,,,,,,,,,,,,,,,,,,,,,,,
1772,,,,,,,,,,,,,,,,,,,,,,,,,,,,,,,,,,
1775,,,,,,,,,,,,,,,,,,,,,,,,,,,,,,,,,,
1840,,,,,,,,,,,,,,,,,,,,,,,,,,,,,,,,,,
1871,,,,,,,,,,,,,,,,,,,,,,,,,,,,,,,,,,
1874,,,,,,,,,,,,,,,,,,,,,,,,,,,,,,,,,,
1883,,,,,,,,,,,,,,,,,,,,,,,,,,,,,,,,,,
1885,,,,,,,,,,,,,,,,,,,,,,,,,,,,,,,,,,
1919,,,,,,,,,,,,,,,,,,,,,,,,,,,,,,,,,,
1939,,,,,,,,,,,,,,,,,,,,,,,,,,,,,,,,,,
1952,,,,,,,,,,,,,,,,,,,,,,,,,,,,,,,,,,
1952,,,,,,,,,,,,,,,,,,,,,,,,,,,,,,,,,,
1961,,,,,,,,,,,,,,,,,,,,,,,,,,,,,,,,,,
1978,,,,,,,,,,,,,,,,,,,,,,,,,,,,,,,,,,
1984,,,,,,,,,,,,,,,,,,,,,,,,,,,,,,,,,,
1986,,,,,,,,,,,,,,,,,,,,,,,,,,,,,,,,,,
1987,,,,,,,,,,,,,,,,,,,,,,,,,,,,,,,,,,
1993,,,,,,,,,,,,,,,,,,,,,,,,,,,,,,,,,,
1996,,,,,,,,,,,,,,,,,,,,,,,,,,,,,,,,,,
2006,,,,,,,,,,,,,,,,,,,,,,,,,,,,,,,,,,
2010,,,,,,,,,,,,,,,,,,,,,,,,,,,,,,,,,,
2016,,,,,,,,,,,,,,,,,,,,,,,,,,,,,,,,,,
-197,,,,,,,,,,,,,,,,,,,,,,,,,,,,,,,,,,
60,,,,,,,,,,,,,,,,,,,,,,,,,,,,,,,,,,
1631,,,,,,,,,,,,,,,,,,,,,,,,,,,,,,,,,,
1682,,,,,,,,,,,,,,,,,,,,,,,,,,,,,,,,,,
1757,,,,,,,,,,,,,,,,,,,,,,,,,,,,,,,,,,
1812,,,,,,,,,,,,,,,,,,,,,,,,,,,,,,,,,,
1827,,,,,,,,,,,,,,,,,,,,,,,,,,,,,,,,,,
1846,,,,,,,,,,,,,,,,,,,,,,,,,,,,,,,,,,
1856,,,,,,,,,,,,,,,,,,,,,,,,,,,,,,,,,,
1883,,,,,,,,,,,,,,,,,,,,,,,,,,,,,,,,,,
1914,,,,,,,,,,,,,,,,,,,,,,,,,,,,,,,,,,
1919,,,,,,,,,,,,,,,,,,,,,,,,,,,,,,,,,,
1927,,,,,,,,,,,,,,,,,,,,,,,,,,,,,,,,,,
1944,,,,,,,,,,,,,,,,,,,,,,,,,,,,,,,,,,
1949,,,,,,,,,,,,,,,,,,,,,,,,,,,,,,,,,,
1953,,,,,,,,,,,,,,,,,,,,,,,,,,,,,,,,,,
1968,,,,,,,,,,,,,,,,,,,,,,,,,,,,,,,,,,
1972,,,,,,,,,,,,,,,,,,,,,,,,,,,,,,,,,,
1981,,,,,,,,,,,,,,,,,,,,,,,,,,,,,,,,,,
1990,,,,,,,,,,,,,,,,,,,,,,,,,,,,,,,,,,
1997,,,,,,,,,,,,,,,,,,,,,,,,,,,,,,,,,,
2002,,,,,,,,,,,,,,,,,,,,,,,,,,,,,,,,,,
2006,,,,,,,,,,,,,,,,,,,,,,,,,,,,,,,,,,
-1370,,,,,,,,,,,,,,,,,,,,,,,,,,,,,,,,,,
710,,,,,,,,,,,,,,,,,,,,,,,,,,,,,,,,,,
1853,,,,,,,,,,,,,,,,,,,,,,,,,,,,,,,,,,
1872,,,,,,,,,,,,,,,,,,,,,,,,,,,,,,,,,,
1878,,,,,,,,,,,,,,,,,,,,,,,,,,,,,,,,,,
1905,,,,,,,,,,,,,,,,,,,,,,,,,,,,,,,,,,
1918,,,,,,,,,,,,,,,,,,,,,,,,,,,,,,,,,,
1944,,,,,,,,,,,,,,,,,,,,,,,,,,,,,,,,,,
1952,,,,,,,,,,,,,,,,,,,,,,,,,,,,,,,,,,
1955,,,,,,,,,,,,,,,,,,,,,,,,,,,,,,,,,,
1961,,,,,,,,,,,,,,,,,,,,,,,,,,,,,,,,,,
1975,,,,,,,,,,,,,,,,,,,,,,,,,,,,,,,,,,
1980,,,,,,,,,,,,,,,,,,,,,,,,,,,,,,,,,,
1981,,,,,,,,,,,,,,,,,,,,,,,,,,,,,,,,,,
1988,,,,,,,,,,,,,,,,,,,,,,,,,,,,,,,,,,
1991,,,,,,,,,,,,,,,,,,,,,,,,,,,,,,,,,,
1994,,,,,,,,,,,,,,,,,,,,,,,,,,,,,,,,,,
1995,,,,,,,,,,,,,,,,,,,,,,,,,,,,,,,,,,
2002,,,,,,,,,,,,,,,,,,,,,,,,,,,,,,,,,,
2003,,,,,,,,,,,,,,,,,,,,,,,,,,,,,,,,,,
2010,,,,,,,,,,,,,,,,,,,,,,,,,,,,,,,,,,
2018,,,,,,,,,,,,,,,,,,,,,,,,,,,,,,,,,,
416,,,,,,,,,,,,,,,,,,,,,,,,,,,,,,,,,,
1311,,,,,,,,,,,,,,,,,,,,,,,,,,,,,,,,,,
1410,,,,,,,,,,,,,,,,,,,,,,,,,,,,,,,,,,
1672,,,,,,,,,,,,,,,,,,,,,,,,,,,,,,,,,,
1780,,,,,,,,,,,,,,,,,,,,,,,,,,,,,,,,,,
1800,,,,,,,,,,,,,,,,,,,,,,,,,,,,,,,,,,
1803,,,,,,,,,,,,,,,,,,,,,,,,,,,,,,,,,,
1894,,,,,,,,,,,,,,,,,,,,,,,,,,,,,,,,,,
1910,,,,,,,,,,,,,,,,,,,,,,,,,,,,,,,,,,
1911,,,,,,,,,,,,,,,,,,,,,,,,,,,,,,,,,,
1917,,,,,,,,,,,,,,,,,,,,,,,,,,,,,,,,,,
1923,,,,,,,,,,,,,,,,,,,,,,,,,,,,,,,,,,
1923,,,,,,,,,,,,,,,,,,,,,,,,,,,,,,,,,,
1929,,,,,,,,,,,,,,,,,,,,,,,,,,,,,,,,,,
1929,,,,,,,,,,,,,,,,,,,,,,,,,,,,,,,,,,
1939,,,,,,,,,,,,,,,,,,,,,,,,,,,,,,,,,,
1951,,,,,,,,,,,,,,,,,,,,,,,,,,,,,,,,,,
1966,,,,,,,,,,,,,,,,,,,,,,,,,,,,,,,,,,
1971,,,,,,,,,,,,,,,,,,,,,,,,,,,,,,,,,,
1974,,,,,,,,,,,,,,,,,,,,,,,,,,,,,,,,,,
1977,,,,,,,,,,,,,,,,,,,,,,,,,,,,,,,,,,
1978,,,,,,,,,,,,,,,,,,,,,,,,,,,,,,,,,,
1982,,,,,,,,,,,,,,,,,,,,,,,,,,,,,,,,,,
1986,,,,,,,,,,,,,,,,,,,,,,,,,,,,,,,,,,
2001,,,,,,,,,,,,,,,,,,,,,,,,,,,,,,,,,,
2018,,,,,,,,,,,,,,,,,,,,,,,,,,,,,,,,,,
200,,,,,,,,,,,,,,,,,,,,,,,,,,,,,,,,,,
640,,,,,,,,,,,,,,,,,,,,,,,,,,,,,,,,,,
1169,,,,,,,,,,,,,,,,,,,,,,,,,,,,,,,,,,
1600,,,,,,,,,,,,,,,,,,,,,,,,,,,,,,,,,,
1629,,,,,,,,,,,,,,,,,,,,,,,,,,,,,,,,,,
1717,,,,,,,,,,,,,,,,,,,,,,,,,,,,,,,,,,
1778,,,,,,,,,,,,,,,,,,,,,,,,,,,,,,,,,,
1789,,,,,,,,,,,,,,,,,,,,,,,,,,,,,,,,,,
1805,,,,,,,,,,,,,,,,,,,,,,,,,,,,,,,,,,
1829,,,,,,,,,,,,,,,,,,,,,,,,,,,,,,,,,,
1837,,,,,,,,,,,,,,,,,,,,,,,,,,,,,,,,,,
1853,,,,,,,,,,,,,,,,,,,,,,,,,,,,,,,,,,
1854,,,,,,,,,,,,,,,,,,,,,,,,,,,,,,,,,,
1860,,,,,,,,,,,,,,,,,,,,,,,,,,,,,,,,,,
1871,,,,,,,,,,,,,,,,,,,,,,,,,,,,,,,,,,
1875,,,,,,,,,,,,,,,,,,,,,,,,,,,,,,,,,,
1886,,,,,,,,,,,,,,,,,,,,,,,,,,,,,,,,,,
1886,,,,,,,,,,,,,,,,,,,,,,,,,,,,,,,,,,
1893,,,,,,,,,,,,,,,,,,,,,,,,,,,,,,,,,,
1951,,,,,,,,,,,,,,,,,,,,,,,,,,,,,,,,,,
1953,,,,,,,,,,,,,,,,,,,,,,,,,,,,,,,,,,
1957,,,,,,,,,,,,,,,,,,,,,,,,,,,,,,,,,,
1981,,,,,,,,,,,,,,,,,,,,,,,,,,,,,,,,,,
1993,,,,,,,,,,,,,,,,,,,,,,,,,,,,,,,,,,
1993,,,,,,,,,,,,,,,,,,,,,,,,,,,,,,,,,,
1996,,,,,,,,,,,,,,,,,,,,,,,,,,,,,,,,,,
2013,,,,,,,,,,,,,,,,,,,,,,,,,,,,,,,,,,
2017,,,,,,,,,,,,,,,,,,,,,,,,,,,,,,,,,,
2017,,,,,,,,,,,,,,,,,,,,,,,,,,,,,,,,,,
-1050,,,,,,,,,,,,,,,,,,,,,,,,,,,,,,,,,,
764,,,,,,,,,,,,,,,,,,,,,,,,,,,,,,,,,,
766,,,,,,,,,,,,,,,,,,,,,,,,,,,,,,,,,,
1760,,,,,,,,,,,,,,,,,,,,,,,,,,,,,,,,,,
1766,,,,,,,,,,,,,,,,,,,,,,,,,,,,,,,,,,
1790,,,,,,,,,,,,,,,,,,,,,,,,,,,,,,,,,,
1803,,,,,,,,,,,,,,,,,,,,,,,,,,,,,,,,,,
1813,,,,,,,,,,,,,,,,,,,,,,,,,,,,,,,,,,
1825,,,,,,,,,,,,,,,,,,,,,,,,,,,,,,,,,,
1869,,,,,,,,,,,,,,,,,,,,,,,,,,,,,,,,,,
1883,,,,,,,,,,,,,,,,,,,,,,,,,,,,,,,,,,
1900,,,,,,,,,,,,,,,,,,,,,,,,,,,,,,,,,,
1914,,,,,,,,,,,,,,,,,,,,,,,,,,,,,,,,,,
1928,,,,,,,,,,,,,,,,,,,,,,,,,,,,,,,,,,
1952,,,,,,,,,,,,,,,,,,,,,,,,,,,,,,,,,,
1953,,,,,,,,,,,,,,,,,,,,,,,,,,,,,,,,,,
1963,,,,,,,,,,,,,,,,,,,,,,,,,,,,,,,,,,
1976,,,,,,,,,,,,,,,,,,,,,,,,,,,,,,,,,,
1977,,,,,,,,,,,,,,,,,,,,,,,,,,,,,,,,,,
1980,,,,,,,,,,,,,,,,,,,,,,,,,,,,,,,,,,
1981,,,,,,,,,,,,,,,,,,,,,,,,,,,,,,,,,,
1985,,,,,,,,,,,,,,,,,,,,,,,,,,,,,,,,,,
1990,,,,,,,,,,,,,,,,,,,,,,,,,,,,,,,,,,
1990,,,,,,,,,,,,,,,,,,,,,,,,,,,,,,,,,,
1995,,,,,,,,,,,,,,,,,,,,,,,,,,,,,,,,,,
2006,,,,,,,,,,,,,,,,,,,,,,,,,,,,,,,,,,
2010,,,,,,,,,,,,,,,,,,,,,,,,,,,,,,,,,,
2010,,,,,,,,,,,,,,,,,,,,,,,,,,,,,,,,,,
2011,,,,,,,,,,,,,,,,,,,,,,,,,,,,,,,,,,
2015,,,,,,,,,,,,,,,,,,,,,,,,,,,,,,,,,,
2018,,,,,,,,,,,,,,,,,,,,,,,,,,,,,,,,,,
2019,,,,,,,,,,,,,,,,,,,,,,,,,,,,,,,,,,
-1610,,,,,,,,,,,,,,,,,,,,,,,,,,,,,,,,,,
-150,,,,,,,,,,,,,,,,,,,,,,,,,,,,,,,,,,
-100,,,,,,,,,,,,,,,,,,,,,,,,,,,,,,,,,,
1341,,,,,,,,,,,,,,,,,,,,,,,,,,,,,,,,,,
1430,,,,,,,,,,,,,,,,,,,,,,,,,,,,,,,,,,
1510,,,,,,,,,,,,,,,,,,,,,,,,,,,,,,,,,,
1580,,,,,,,,,,,,,,,,,,,,,,,,,,,,,,,,,,
1698,,,,,,,,,,,,,,,,,,,,,,,,,,,,,,,,,,
1716,,,,,,,,,,,,,,,,,,,,,,,,,,,,,,,,,,
1717,,,,,,,,,,,,,,,,,,,,,,,,,,,,,,,,,,
1721,,,,,,,,,,,,,,,,,,,,,,,,,,,,,,,,,,
1819,,,,,,,,,,,,,,,,,,,,,,,,,,,,,,,,,,
1845,,,,,,,,,,,,,,,,,,,,,,,,,,,,,,,,,,
1895,,,,,,,,,,,,,,,,,,,,,,,,,,,,,,,,,,
1901,,,,,,,,,,,,,,,,,,,,,,,,,,,,,,,,,,
1907,,,,,,,,,,,,,,,,,,,,,,,,,,,,,,,,,,
1928,,,,,,,,,,,,,,,,,,,,,,,,,,,,,,,,,,
1940,,,,,,,,,,,,,,,,,,,,,,,,,,,,,,,,,,
1946,,,,,,,,,,,,,,,,,,,,,,,,,,,,,,,,,,
1953,,,,,,,,,,,,,,,,,,,,,,,,,,,,,,,,,,
1954,,,,,,,,,,,,,,,,,,,,,,,,,,,,,,,,,,
1961,,,,,,,,,,,,,,,,,,,,,,,,,,,,,,,,,,
1962,,,,,,,,,,,,,,,,,,,,,,,,,,,,,,,,,,
1963,,,,,,,,,,,,,,,,,,,,,,,,,,,,,,,,,,
1969,,,,,,,,,,,,,,,,,,,,,,,,,,,,,,,,,,
1997,,,,,,,,,,,,,,,,,,,,,,,,,,,,,,,,,,
2000,,,,,,,,,,,,,,,,,,,,,,,,,,,,,,,,,,
2009,,,,,,,,,,,,,,,,,,,,,,,,,,,,,,,,,,
2011,,,,,,,,,,,,,,,,,,,,,,,,,,,,,,,,,,
-1550,,,,,,,,,,,,,,,,,,,,,,,,,,,,,,,,,,
-250,,,,,,,,,,,,,,,,,,,,,,,,,,,,,,,,,,
1640,,,,,,,,,,,,,,,,,,,,,,,,,,,,,,,,,,
1785,,,,,,,,,,,,,,,,,,,,,,,,,,,,,,,,,,
1812,,,,,,,,,,,,,,,,,,,,,,,,,,,,,,,,,,
1853,,,,,,,,,,,,,,,,,,,,,,,,,,,,,,,,,,
1892,,,,,,,,,,,,,,,,,,,,,,,,,,,,,,,,,,
1917,,,,,,,,,,,,,,,,,,,,,,,,,,,,,,,,,,
1938,,,,,,,,,,,,,,,,,,,,,,,,,,,,,,,,,,
1941,,,,,,,,,,,,,,,,,,,,,,,,,,,,,,,,,,
1943,,,,,,,,,,,,,,,,,,,,,,,,,,,,,,,,,,
1944,,,,,,,,,,,,,,,,,,,,,,,,,,,,,,,,,,
1953,,,,,,,,,,,,,,,,,,,,,,,,,,,,,,,,,,
1973,,,,,,,,,,,,,,,,,,,,,,,,,,,,,,,,,,
1990,,,,,,,,,,,,,,,,,,,,,,,,,,,,,,,,,,
1991,,,,,,,,,,,,,,,,,,,,,,,,,,,,,,,,,,
1992,,,,,,,,,,,,,,,,,,,,,,,,,,,,,,,,,,
1995,,,,,,,,,,,,,,,,,,,,,,,,,,,,,,,,,,
1996,,,,,,,,,,,,,,,,,,,,,,,,,,,,,,,,,,
2000,,,,,,,,,,,,,,,,,,,,,,,,,,,,,,,,,,
2005,,,,,,,,,,,,,,,,,,,,,,,,,,,,,,,,,,
2006,,,,,,,,,,,,,,,,,,,,,,,,,,,,,,,,,,
2015,,,,,,,,,,,,,,,,,,,,,,,,,,,,,,,,,,
2017,,,,,,,,,,,,,,,,,,,,,,,,,,,,,,,,,,
2018,,,,,,,,,,,,,,,,,,,,,,,,,,,,,,,,,,
2018,,,,,,,,,,,,,,,,,,,,,,,,,,,,,,,,,,
1631,,,,,,,,,,,,,,,,,,,,,,,,,,,,,,,,,,
1659,,,,,,,,,,,,,,,,,,,,,,,,,,,,,,,,,,
1664,,,,,,,,,,,,,,,,,,,,,,,,,,,,,,,,,,
1707,,,,,,,,,,,,,,,,,,,,,,,,,,,,,,,,,,
1729,,,,,,,,,,,,,,,,,,,,,,,,,,,,,,,,,,
1780,,,,,,,,,,,,,,,,,,,,,,,,,,,,,,,,,,
1835,,,,,,,,,,,,,,,,,,,,,,,,,,,,,,,,,,
1843,,,,,,,,,,,,,,,,,,,,,,,,,,,,,,,,,,
1854,,,,,,,,,,,,,,,,,,,,,,,,,,,,,,,,,,
1856,,,,,,,,,,,,,,,,,,,,,,,,,,,,,,,,,,
1860,,,,,,,,,,,,,,,,,,,,,,,,,,,,,,,,,,
1868,,,,,,,,,,,,,,,,,,,,,,,,,,,,,,,,,,
1872,,,,,,,,,,,,,,,,,,,,,,,,,,,,,,,,,,
1875,,,,,,,,,,,,,,,,,,,,,,,,,,,,,,,,,,
1878,,,,,,,,,,,,,,,,,,,,,,,,,,,,,,,,,,
1909,,,,,,,,,,,,,,,,,,,,,,,,,,,,,,,,,,
1914,,,,,,,,,,,,,,,,,,,,,,,,,,,,,,,,,,
1917,,,,,,,,,,,,,,,,,,,,,,,,,,,,,,,,,,
1930,,,,,,,,,,,,,,,,,,,,,,,,,,,,,,,,,,
1930,,,,,,,,,,,,,,,,,,,,,,,,,,,,,,,,,,
1934,,,,,,,,,,,,,,,,,,,,,,,,,,,,,,,,,,
1946,,,,,,,,,,,,,,,,,,,,,,,,,,,,,,,,,,
1954,,,,,,,,,,,,,,,,,,,,,,,,,,,,,,,,,,
1955,,,,,,,,,,,,,,,,,,,,,,,,,,,,,,,,,,
1962,,,,,,,,,,,,,,,,,,,,,,,,,,,,,,,,,,
1990,,,,,,,,,,,,,,,,,,,,,,,,,,,,,,,,,,
1993,,,,,,,,,,,,,,,,,,,,,,,,,,,,,,,,,,
2010,,,,,,,,,,,,,,,,,,,,,,,,,,,,,,,,,,
2014,,,,,,,,,,,,,,,,,,,,,,,,,,,,,,,,,,
2016,,,,,,,,,,,,,,,,,,,,,,,,,,,,,,,,,,
2019,,,,,,,,,,,,,,,,,,,,,,,,,,,,,,,,,,
2019,,,,,,,,,,,,,,,,,,,,,,,,,,,,,,,,,,
450,,,,,,,,,,,,,,,,,,,,,,,,,,,,,,,,,,
1565,,,,,,,,,,,,,,,,,,,,,,,,,,,,,,,,,,
1716,,,,,,,,,,,,,,,,,,,,,,,,,,,,,,,,,,
1721,,,,,,,,,,,,,,,,,,,,,,,,,,,,,,,,,,
1762,,,,,,,,,,,,,,,,,,,,,,,,,,,,,,,,,,
1784,,,,,,,,,,,,,,,,,,,,,,,,,,,,,,,,,,
1786,,,,,,,,,,,,,,,,,,,,,,,,,,,,,,,,,,
1800,,,,,,,,,,,,,,,,,,,,,,,,,,,,,,,,,,
1800,,,,,,,,,,,,,,,,,,,,,,,,,,,,,,,,,,
1839,,,,,,,,,,,,,,,,,,,,,,,,,,,,,,,,,,
1861,,,,,,,,,,,,,,,,,,,,,,,,,,,,,,,,,,
1878,,,,,,,,,,,,,,,,,,,,,,,,,,,,,,,,,,
1901,,,,,,,,,,,,,,,,,,,,,,,,,,,,,,,,,,
1911,,,,,,,,,,,,,,,,,,,,,,,,,,,,,,,,,,
1917,,,,,,,,,,,,,,,,,,,,,,,,,,,,,,,,,,
1921,,,,,,,,,,,,,,,,,,,,,,,,,,,,,,,,,,
1933,,,,,,,,,,,,,,,,,,,,,,,,,,,,,,,,,,
1941,,,,,,,,,,,,,,,,,,,,,,,,,,,,,,,,,,
1944,,,,,,,,,,,,,,,,,,,,,,,,,,,,,,,,,,
1947,,,,,,,,,,,,,,,,,,,,,,,,,,,,,,,,,,
1976,,,,,,,,,,,,,,,,,,,,,,,,,,,,,,,,,,
1979,,,,,,,,,,,,,,,,,,,,,,,,,,,,,,,,,,
1982,,,,,,,,,,,,,,,,,,,,,,,,,,,,,,,,,,
1988,,,,,,,,,,,,,,,,,,,,,,,,,,,,,,,,,,
2005,,,,,,,,,,,,,,,,,,,,,,,,,,,,,,,,,,
2010,12,28,,,Tengger Caldera,Java,Indonesia,2329,Stratovolcano,Historical,,,,,,,,,LIMITED (roughly corresponding to less than $1 million),,,,,,,,,,,,,-7.942,,
